<?xml version="1.0" encoding="utf-8"?>
<edmx:Edmx Version="3.0" xmlns:edmx="http://schemas.microsoft.com/ado/2009/11/edmx">
 <!-- EF Designer content (DO NOT EDIT MANUALLY BELOW HERE) -->
  <edmx:Designer xmlns="http://schemas.microsoft.com/ado/2009/11/edmx">
    <!-- Diagram content (shape and connector positions) -->
    <edmx:Diagrams>
      <Diagram DiagramId="44164236f2274f909a3e6e35e8af4771" Name="Diagram1">
        <EntityTypeShape EntityType="StudentDBModel.Address" Width="1.5" PointX="3" PointY="1" IsExpanded="true" />
        <EntityTypeShape EntityType="StudentDBModel.Student" Width="1.5" PointX="0.75" PointY="1.125" IsExpanded="true" />
        <AssociationConnector Association="StudentDBModel.FK_Address_Address" ManuallyRouted="false" />
        <AssociationConnector Association="StudentDBModel.FK_Address_Student" ManuallyRouted="false" />
      </Diagram>
    </edmx:Diagrams>
  </edmx:Designer>
</edmx:Edmx>